{
    "override_rect": {
        "2": [0, 0, 1, 0.5],
        "3": [0, 0.5, 1, 0.5],
        "4": [0, 0.5, 1, 0.5],
        "5": [0, 0.5, 1, 0.5],
        "10": [0, 0.5, 1, 0.5],
        "12": [0, 0.5, 1, 0.5],
        "13": [0, 0.5, 1, 0.5],
        "15": [0, 0, 0, 0],
        "16": [0, 0, 1, 0.5],
        "17": [0, 0, 1, 0.5],
        "18": [0, 0.5, 1, 0.5],
        "19": [0, 0, 1, 0.5],
        "20": [0, 0.6, 1, 0.4],
        "22": [0, 0, 1, 0.4],
        "23": [0, 0, 0.4, 1],
        "24": [0.6, 0, 0.4, 1],
        "25": [0, 0.5, 1, 0.5],
        "26": [0, 0.5, 1, 0.5],
        "33": [0, 0.5, 1, 0.5],
        "34": [0, 0.5, 1, 0.5],
        "37": [0, 0, 1, 0.5],
        "38": [0, 0.5, 1, 0.5],
        "39": [0, 0, 1, 0.5],
        "40": [0, 0, 1, 0.5],
        "45": [0, 0.5, 1, 0.5],
        "47": [0, 0.5, 1, 0.5],
        "48": [0, 0.5, 1, 0.5],
        "50": [0, 0.5, 1, 0.5],
        "52": [0, 0, 1, 0.5],
        "53": [0, 0, 1, 0.5],
        "54": [0, 0, 0, 0],
        "55": [0, 0, 0, 0],
        "56": [0.5, 0, 0.5, 1],
        "57": [0, 0, 0.5, 1],
        "58": [0, 0, 1, 0.5],
        "59": [0, 0.5, 1, 0.5],
        "60": [0, 0, 1, 0.5],
        "61": [0.5, 0, 0.5, 1],
        "62": [0, 0, 0.5, 1],
        "63": [0, 0, 1, 0.5],
        "64": [0, 0.5, 1, 0.5],
        "65": [0, 0, 1, 0.5],
        "66": [0.5, 0, 0.5, 1],
        "67": [0, 0, 0.5, 1],
        "70": [0, 0, 1, 0.5]
    },
    "overlap_entity": {
        "5": ["Stair", {"to_left": false}],
        "10": ["Stair", {"to_left": true}],
        "12": ["BoostTile", {"boost": 1}],
        "13": ["BoostTile", {"boost": -1}],
        "15": ["Ladder"],
        "16": ["BoostTile", {"boost": 1}],
        "17": ["BoostTile", {"boost": -1}],
        "20": ["Spike", {"direction": 2}],
        "22": ["Spike", {"direction": 8}],
        "23": ["Spike", {"direction": 4}],
        "24": ["Spike", {"direction": 6}],
        "25": ["Stair", {"to_left": true}],
        "26": ["Stair", {"to_left": false}],
        "33": ["BoostTile", {"boost": 1}],
        "34": ["BoostTile", {"boost": -1}],
        "39": ["BoostTile", {"boost": 1}],
        "40": ["BoostTile", {"boost": -1}],
        "45": ["BoostTile", {"boost": 1}],
        "47": ["Stair", {"to_left": true}],
        "48": ["Stair", {"to_left": false}],
        "50": ["BoostTile", {"boost": -1}],
        "52": ["BoostTile", {"boost": 1}],
        "53": ["BoostTile", {"boost": -1}],
        "54": ["Ladder"],
        "55": ["Ladder"]
    }
}