{
    "tileset_name": "generic_0",
    "music": "may_not",
    "background_img": "stage_1",
    "foreground_img": "stage1",
    "next_scene": "Chapter_1",
    "entities": [
        ["Fire_time2",2,8],
        ["Fire_time2",3,8],
        ["Fire_time1",4,8],
        ["Fire_time2",5,8],
        ["Fire_time2",6,8],
        ["Fire_time1",7,8],
        ["Fire_time1",8,8],
        ["Fire_time1",9,8],
        ["Fire_time1",10,8],
        ["Fire_time2",11,8],
        ["Fire_time2",12,8],
        ["Fire_time2",13,8],
        ["Fire_time2",14,8],
        ["Fire_time1",15,8],
        ["Fire_time1",16,8],
        ["Fire_time1",17,8],
        ["Fire_time1",18,8],
        ["Fire_time2",19,8],
        ["Fire_time1",20,8],
        ["Fire_time2",21,8],
        ["Fire_time1",22,8],
        ["Fire_time1",23,8],
        ["Fire_time2",24,8],
        ["Fire_time2",25,8],
        ["Fire_time1",26,8],
        ["Fire_time2",27,8],
        ["Fire_time1",28,8],
        ["Fire_time2",29,8],
        ["Fire_time1",30,8],
        ["Fire_time1",31,8],
        ["Fire_time2",32,8],
        ["BasicEnemy",34,8],
        ["BasicEnemy",35,8],
        ["Door",38,8],
        ["Fire",2,10],
        ["Fire",3,10],
        ["Fire",4,10],
        ["Fire",5,10],
        ["Fire",6,10],
        ["Fire",2,11],
        ["Fire",3,11],
        ["Fire",4,11],
        ["Fire",5,11],
        ["Fire",6,11],
        ["Fire",2,12],
        ["Fire",3,12],
        ["Fire",4,12],
        ["Fire",5,12],
        ["Fire",6,12],
        ["Fire",2,13],
        ["Fire",3,13],
        ["Fire",4,13],
        ["Fire",5,13],
        ["Fire",6,13],
        ["Fire",2,14],
        ["Fire",3,14],
        ["Fire",4,14],
        ["Fire",5,14],
        ["Fire",6,14],
        ["Fire",2,15],
        ["Fire",3,15],
        ["Fire",4,15],
        ["Fire",5,15],
        ["Fire",6,15],
        ["Fire_time2",31,18],
        ["Fire_time1",32,18],
        ["HpAdd",12,19],
        ["BasicEnemy",30,24],
        ["Player",2,27],
        ["ShootingBall",11,28],
        ["ShootingBall",14,28]
    ],
    "map_data": [
        [36,36,36,36,36,36,36,36,36,36,36,36,36,36,36,36,36,36,36,36,36,36,36,36,36,36,36,36,36,36,36,36,36,36,36,36,36,36,36,36,36],
        [36,0,0,0,0,0,0,0,0,0,0,0,0,0,0,0,0,0,0,0,0,0,0,0,0,0,0,0,0,0,0,0,0,0,0,0,0,0,0,0,36],
        [36,0,0,0,0,0,0,0,0,0,0,0,0,0,0,0,0,0,0,0,0,0,0,0,0,0,0,0,0,0,0,0,0,0,0,0,0,0,0,0,36],
        [36,0,0,0,0,0,0,0,0,0,0,0,0,0,0,0,0,0,0,0,0,0,0,0,0,0,0,0,0,0,0,0,0,0,0,0,0,0,0,0,36],
        [36,0,0,0,0,0,0,0,0,0,0,0,0,0,0,0,0,0,0,0,0,0,0,0,0,0,0,0,0,0,0,0,0,0,0,0,0,0,0,0,36],
        [36,0,0,0,0,0,0,0,0,0,0,0,0,0,0,0,0,0,0,0,0,0,0,0,0,0,0,0,0,0,0,0,0,0,0,0,0,0,0,0,36],
        [36,0,0,0,0,0,0,0,0,0,0,0,0,0,0,0,0,0,0,0,0,0,0,0,0,0,0,0,0,0,0,0,0,0,0,0,0,0,0,0,36],
        [36,0,0,0,0,0,0,0,0,0,0,0,0,0,0,0,0,0,0,0,0,0,0,0,0,0,0,0,0,0,0,0,0,0,0,0,0,0,0,0,36],
        [36,0,0,0,0,0,0,0,0,0,0,0,0,0,0,0,0,0,0,0,0,0,0,0,0,0,0,0,0,0,0,0,0,0,0,0,0,0,0,0,36],
        [36,55,44,44,42,42,41,44,41,44,42,44,41,42,42,42,44,44,42,43,42,44,44,44,44,44,41,41,43,42,43,43,41,42,41,43,44,42,43,43,36],
        [36,55,0,0,0,0,0,0,0,0,0,0,0,0,0,0,0,0,0,0,0,0,0,0,0,0,0,0,0,0,0,0,0,0,0,0,0,0,0,0,36],
        [36,55,0,0,0,0,0,0,0,0,0,0,0,0,0,0,0,0,0,0,0,0,0,0,0,0,0,0,0,0,0,0,0,0,0,0,0,0,0,0,36],
        [36,55,0,0,0,0,0,0,0,0,0,0,0,0,0,0,0,0,0,0,0,0,0,0,0,0,0,0,0,0,0,0,0,0,0,0,0,0,0,0,36],
        [36,55,0,0,0,0,0,0,0,0,0,0,0,0,0,0,0,0,0,0,0,0,0,0,0,0,0,0,0,0,0,0,0,0,0,0,0,0,0,0,36],
        [36,55,0,0,0,0,0,0,0,0,0,0,0,0,0,0,0,0,0,0,0,0,0,0,0,0,0,0,0,0,0,0,0,0,0,0,0,0,0,0,36],
        [36,55,0,0,0,0,0,0,0,0,0,0,0,0,0,0,0,0,0,0,0,0,0,0,0,0,0,0,0,0,0,0,0,0,0,0,0,0,0,0,36],
        [36,55,0,0,0,0,0,0,0,0,0,0,0,0,0,0,0,0,0,0,0,0,0,0,0,0,0,0,0,0,0,0,0,0,0,0,0,0,0,0,36],
        [36,55,50,50,50,50,50,50,38,0,0,0,0,0,0,0,0,0,0,0,0,0,0,0,0,0,0,0,0,0,0,0,0,0,0,0,0,0,0,0,36],
        [36,36,36,36,36,36,36,36,36,47,0,0,0,0,0,48,41,43,41,0,0,43,43,41,0,0,0,0,0,0,0,0,0,0,0,0,0,0,0,0,36],
        [36,36,36,36,36,36,36,36,36,36,43,42,0,0,41,36,36,36,36,41,44,36,36,36,43,44,41,41,43,44,44,41,44,47,0,0,0,0,0,0,36],
        [36,0,0,0,0,0,0,0,0,0,0,0,42,41,0,0,0,0,0,0,0,0,0,0,0,0,0,0,0,0,0,0,0,0,47,0,0,0,0,0,36],
        [36,0,0,0,0,0,0,0,0,0,0,0,0,0,0,0,36,0,0,0,0,0,0,0,0,0,0,0,0,0,0,0,0,0,0,42,55,0,0,0,36],
        [36,0,0,0,0,0,0,0,0,0,0,0,0,0,0,0,0,0,0,0,0,0,0,0,0,0,0,0,0,0,0,0,0,0,0,0,55,0,0,0,36],
        [36,0,0,0,0,0,0,0,0,0,0,0,0,0,0,0,0,0,0,0,0,0,0,0,0,0,0,0,0,0,0,0,0,0,0,0,55,0,0,0,36],
        [36,0,0,0,0,0,0,0,0,0,0,0,0,0,0,0,0,0,0,0,0,0,0,0,0,0,0,0,0,0,0,0,0,0,0,0,55,0,0,0,36],
        [36,0,0,0,0,0,0,0,0,0,0,0,0,0,0,0,0,0,55,37,37,0,0,37,37,0,0,37,37,37,37,37,0,0,37,37,37,0,0,0,36],
        [36,0,0,0,0,0,0,0,0,0,0,0,0,0,0,0,0,0,55,0,0,0,0,0,0,0,0,0,0,0,0,0,0,0,0,0,0,0,0,0,36],
        [36,0,0,0,0,0,0,0,0,0,0,0,0,0,0,0,0,0,55,0,0,0,0,0,0,0,0,0,0,0,0,0,0,0,0,0,0,0,0,0,36],
        [36,44,41,44,42,44,0,0,43,42,41,0,43,43,0,44,42,41,42,0,0,0,0,0,0,0,0,0,0,0,0,0,0,0,0,0,0,0,0,0,36],
        [36,36,36,36,36,36,20,20,36,36,36,20,36,36,20,36,36,36,36,20,20,20,20,20,20,20,20,20,20,20,20,20,20,20,20,20,20,20,20,20,36],
        [0,0,0,0,0,0,0,0,0,0,0,0,0,0,0,0,0,0,0,0,0,0,0,0,0,0,0,0,0,0,0,0,0,0,0,0,0,0,0,0,0],
        [0,0,0,0,0,0,0,0,0,0,0,0,0,0,0,0,0,0,0,0,0,0,0,0,0,0,0,0,0,0,0,0,0,0,0,0,0,0,0,0,0],
        [0,0,0,0,0,0,0,0,0,0,0,0,0,0,0,0,0,0,0,0,0,0,0,0,0,0,0,0,0,0,0,0,0,0,0,0,0,0,0,0,0],
        [0,0,0,0,0,0,0,0,0,0,0,0,0,0,0,0,0,0,0,0,0,0,0,0,0,0,0,0,0,0,0,0,0,0,0,0,0,0,0,0,0],
        [0,0,0,0,0,0,0,0,0,0,0,0,0,0,0,0,0,0,0,0,0,0,0,0,0,0,0,0,0,0,0,0,0,0,0,0,0,0,0,0,0],
        [0,0,0,0,0,0,0,0,0,0,0,0,0,0,0,0,0,0,0,0,0,0,0,0,0,0,0,0,0,0,0,0,0,0,0,0,0,0,0,0,0],
        [0,0,0,0,0,0,0,0,0,0,0,0,0,0,0,0,0,0,0,0,0,0,0,0,0,0,0,0,0,0,0,0,0,0,0,0,0,0,0,0,0],
        [0,0,0,0,0,0,0,0,0,0,0,0,0,0,0,0,0,0,0,0,0,0,0,0,0,0,0,0,0,0,0,0,0,0,0,0,0,0,0,0,0],
        [0,0,0,0,0,0,0,0,0,0,0,0,0,0,0,0,0,0,0,0,0,0,0,0,0,0,0,0,0,0,0,0,0,0,0,0,0,0,0,0,0],
        [0,0,0,0,0,0,0,0,0,0,0,0,0,0,0,0,0,0,0,0,0,0,0,0,0,0,0,0,0,0,0,0,0,0,0,0,0,0,0,0,0],
        [0,0,0,0,0,0,0,0,0,0,0,0,0,0,0,0,0,0,0,0,0,0,0,0,0,0,0,0,0,0,0,0,0,0,0,0,0,0,0,0,0],
        [0,0,0,0,0,0,0,0,0,0,0,0,0,0,0,0,0,0,0,0,0,0,0,0,0,0,0,0,0,0,0,0,0,0,0,0,0,0,0,0,0],
        [0,0,0,0,0,0,0,0,0,0,0,0,0,0,0,0,0,0,0,0,0,0,0,0,0,0,0,0,0,0,0,0,0,0,0,0,0,0,0,0,0],
        [0,0,0,0,0,0,0,0,0,0,0,0,0,0,0,0,0,0,0,0,0,0,0,0,0,0,0,0,0,0,0,0,0,0,0,0,0,0,0,0,0],
        [0,0,0,0,0,0,0,0,0,0,0,0,0,0,0,0,0,0,0,0,0,0,0,0,0,0,0,0,0,0,0,0,0,0,0,0,0,0,0,0,0],
        [0,0,0,0,0,0,0,0,0,0,0,0,0,0,0,0,0,0,0,0,0,0,0,0,0,0,0,0,0,0,0,0,0,0,0,0,0,0,0,0,0],
        [0,0,0,0,0,0,0,0,0,0,0,0,0,0,0,0,0,0,0,0,0,0,0,0,0,0,0,0,0,0,0,0,0,0,0,0,0,0,0,0,0]
    ]
}